341-4054	62287
4445-4020	46825
357-4049	63129
02884	52584
0012-0047-15	56789
21786	53708
8126-0282-01	52844
46455	63316
298-0231	45837
5765-0229	47253
03214	55368
33991	3139689693
62175	57714
15439	50418
52502	56551
7204	15582
03204	55348
391-4058	62233
5415	36314
57341	56201
233-0179	66247
501-4026	48278
0012-0124-15	52622
27777	57182
603812	55382
5210-4020	46957
19863	65902
27632	52827
60387	55379
234-0179	66255
38828	53124
08131	53109
32814	61087
1713	13478
2909	34131
32003	56233
52177	61135
5245	25251
403-4049	61983
395-4054	62086
33731	57219
502-1081	64664
7197	15568
26044	52785
589011	52528
222613	56637
2546	25396
420-4026	48127
426-4026	48133
343-4051	64384
0025-1009-15	55654
75176	56437
1559	16351
46206	56771
25924	3139689739
5146	33903
06211	53050
331-4026	47912
32007	56236
46355	3139689744
1627	13443
503-4054	62049
430031	60869
07131	56454
32537	3139689749
27272	56845
4320	3139689752
2920	34139
337913	53482
392-4054	62079
410-4049	61972
45669	57116
20664	57607
394-4052	62203
388-4057	62107
2300	45273
37741	57477
319-4053	62900
16702	52423
313-4054	63587
37381	3139689767
403-4048	62000
340113	56676
02291	3139689772
02231	3139689773
505-1079	64673
501-4049	62192
35833	56952
501-4053	62195
329313	56223
1004-4009	37115
46375	63245
284-0062	51729
0625-1010ru-eng	57252
5738-0231	47259
5237	25244
20667	57608
32002	56231
644831	3139689788
2914	3139689789
350513	3139689790
24182	50693
46445	63329
324-0049	61742
1002-4006	37095
03334	55424
52185	61139
394-4057	62206
20691	57634
75044	42052
75304	42110
230-0201	43152
198111	65903
545812	3139689805
27725	57179
54587	3139689807
369-0055	65828
27655	57158
75325	42116
8126-0148-01	52678
19893	65879
222-4020	46815
401-4026	48146
408-0187	63722
4914	25209
230-4053	62455
409-0181	63726
343-0182	3139689819
502-4002	48846
387-4050	62094
319-4058	62905
19873	65877
502-4055	62161
26194	52818
405-4056	61962
325013	56989
393-4053	62245
19848	65869
417-4026	48124
230-4048	62461
505-1080	64679
00421	3139689836
32782	56776
28017	57587
272-0148	63846
284-0148	51725
43003	57059
756-0179	65854
34025	57084
33888	3139689844
1001-4006	37094
32784	56780
385-4054	62062
5613	38851
257-4056	63443
501-4003	48851
75009	42040
340-0181	63750
8125-0048-01	56456
1562	16354
677412	50223
224013	55858
04741	52985
7256	16651
354-4055	63156
689131	55020
22264	56638
293-4009	43514
762-0148	63323
23508	61890
342-0187	63755
401-4056	61953
27231	56861
35079	57412
35875	53150
407-1079	64699
75376	42119
5400	3139689875
300-0231-7	50326
35075	57410
0013-1008-15	3139689879
29395	56692
4443-4020	46823
1893	13438
75029	42086
5445-0148	39373
387-4066	62960
295-0281	44957
313-4066	63590
0025-0047-15	56749
1633	13415
281-4025	3139689890
02949	55305
35864	53168
35882	53155
2518	25372
4586	25146
6218	64077
75028	42059
20659	57604
307-2001	45088
02945	55308
262327	64061
0625-1016ru-eng	49676
35834	56954
756-4058	63204
5392	36129
73501	53560
4508-0281	44915
0640-0201	41535
06086	3139689910
759-4052	63220
386-4055	62093
27225	56277
32555	56832
295-4009	43516
2915	34137
424-1080	64750
324-4026	61754
02236	3139689919
27445	65683
326813	56980
03083	52597
04916	53520
24192	50627
0035-1002-01	55657
503-4001	3139689927
1589	13489
280-4054	62383
46447	63310
504-4051	62050
407-4050	62026
759-4058	63226
04846	53513
1578	13500
402-0179	65710
32534	3139690209
261411	52811
299-0280	44894
27772	57166
62047	50268
26064	52792
50798	57318
629-0181	63759
02883	52580
505-0229	48184
228-4020	46818
280-4066	62929
308-4066	66722
016231	60851
32531	3139690226
2517	25386
029212	55315
35867	53169
0025-0125-15	55426
409-0187	63725
73506	53559
20644	57645
00161	55460
03089	52595
390-0179	65777
06291	3139690239
6283	3139690240
5455-0229	47157
324813	3139690242
279-4050	3139690243
32789	56783
0035-1010-01	51008
506-0228	48177
345-4048	64405
354-4057	63158
27454	57176
501-4001	48839
6200-0223	42346
319-4066	62944
385-0055	65784
67014	60858
5276	61258
9072	13171
24185	50696
230-1005	43172
32707	56214
03323	3139690263
033311	55416
393-4056	62246
382-4026	48528
5629-2010	41830
0079	25043
62362	57700
506-4050	62125
33999	3139690272
24157	50378
504-4050	62176
378515	51214
3605-0280-15	52853
15441	50541
33075	56711
33738	57211
67011	53369
32009	56239
423-4026	48130
283-4054	62354
35847	56964
390-0055	65789
0015-1010-01	55585
0076	25040
2902-0148	39390
759-0055	65834
033212	55401
4508-0124	42455
337813	53700
309-2008	45114
5551	66949
337013	56653
35073	57406
46439	3139690298
00481	57350
27233	56842
27654	56920
6201-0223	42347
357-4066	63139
06963	3139690304
0035-0125-15	52658
20735	57640
032012	55344
418-1081	64720
407-4051	61918
396-4058	62122
342-1083	64304
33043	56624
33041	56631
43351	3139690315
33725	57054
32845	53217
411-4053	62012
33885	53686
230-4050	3139690323
283-1082	64270
20689	57598
08139	53106
42991	53539
358613	53167
630-0181	63762
408-0182	63724
0509	1827
405-0187	63713
04631	3139690333
1695	13411
6755	749
06096	3139690336
410-4053	62011
32774	56880
03202	55339
502-4050	62158
383-4026	48529
32935	56226
6225	64474
228-4026	48904
27271	56857
0925-0148	39354
506-4053	62127
5390	36128
24681	55607
73531	53715
369-4052	62147
327013	56212
54584	63561
0035-1007-01	56466
327813	56779
5420	41807
02865	55324
35062	57015
54577	63556
42851	3139690360
340-4053	62308
504-4058	62182
405-4048	62002
328211	61090
223-4020	46816
391-4051	62076
5331-0148	39380
278-4050	62258
520912	60809
32849	53218
5036	25302
4504-0124	42443
62415	3139690373
32529	57002
24214	50805
356-4049	63174
761-0148	63322
284-4026	53237
231-4053	62456
391-4055	62078
35061	57024
15459	50679
261711	55441
33072	56707
24244	50612
293-0231	45832
2950	34107
7257	16645
032112	55366
341-1080	64283
343-4052	3139690393
418-1080	64744
670331	60861
1012-4008	37111
305-1021	45122
1002-4005	37089
06331	56946
0639	9491
32454	61103
52155	61130
689731	49535
45742	57121
283-4058	62358
27463	65675
677612	50221
24125	50801
20737	57639
32932	56220
5336-0148	39384
27979	64052
32812	61085
426-0055	65746
406-0179	65714
387-4055	62097
220-1080	64765
9935	60366
505-0179	65708
225-4049	62463
27633	52828
506-0229	48185
230-4036	60987
284-4049	62360
75042	42047
5366	36106
5168	3139690428
332213	53131
760-4049	63261
405-4066	62949
28011	57582
231-4050	62468
01573	57041
03206	55341
62367	57702
403-4052	61984
3605-0231-15	52493
282-1082	64264
501-4010	48875
5351-0229	47204
16422	61866
393-4058	62120
75111	42127
5335-0228	47187
421-1079	64735
3604-0148-01	52663
52745	61151
2348	46972
761-4048	63271
081311	53107
262011	52822
01411	56192
32772	56876
283-4052	62352
408-4049	61968
29402	57100
14702	52513
5562	38824
27483	65669
377615	53725
324-0047	61735
02791	3139690723
2945	34105
284-0048	51720
35843	3139690726
1842	13428
296-0281	44958
346-0187	64339
2560	25384
5347-0148	39386
392-4057	62240
279-4054	62916
378315	3139690734
6288	3139690735
2338	45741
23507	61891
0931-0148	39356
42982	3139690739
33992	3139690740
32841	53219
5516	48275
256-4066	63448
02943	55307
408-1080	64712
27223	56276
0640-0214	41546
5314	35252
506-4001	48844
2973	34113
0641	9493
410-0055	65762
5629-2007	41829
415-1081	64717
464418	63313
33801	57230
02179	3139690760
3606-0280-15	52854
6212	63484
131114	64006
32947	61081
0015-0124-01	52625
393-4066	62966
231-0282	46162
04684	60880
37911	53739
29401	57105
342-4057	62301
20692	57631
228-1079	64764
404-4048	62001
395-4066	62968
5280	25169
37561	57489
02922	55300
355-4050	63163
356-0148	63633
227-0055	3139690781
52509	56552
343-0181	3139690783
297-0281	44959
2519	25385
396-0055	65795
401-4055	61928
42852	3139690788
283-4057	62357
32701	56218
029412	55309
81263	53758
299-0231	45838
40173	52756
2907	34129
297-0282	45026
02926	55301
401-4057	62015
164211	61873
340-4051	62306
688831	3139690801
2549	25377
507911	57319
222-1081	64755
16426	61870
280-4058	62387
502-4058	62164
24212	50804
391-4026	48141
369-4053	62148
357-4058	63138
32552	56826
75334	42128
411-4049	61975
0035-0124-01	52927
27773	57170
761-4051	63274
429931	60873
9936	60683
08146	53102
345-4050	64407
20734	57638
29385	56587
8126-1030-01	55673
37931	3139690829
406-4050	62041
503-4002	48847
9137	49444
390-4052	62255
282-4055	62406
355-4066	63172
385-4052	62091
2236	61725
05986	56536
390-4066	62963
0645	3139690843
310-1021	45127
421231	64595
409-4058	61946
5629-2004	41826
7217	15566
506-4058	62131
390-4048	62117
33787	53702
0086	25038
227-0179	65737
04486	55518
1668	13479
03335	3139690858
0020-1010-01	51091
02189	3139690860
06336	56945
4765	10002
421031	64594
25915	3139690864
52874	63335
0025-1005-15	56495
27354	57160
341-4053	62286
045931	60881
38822	53118
46622	59988
0035-1006-15	55645
225-0231	46155
3606-0281-15	52863
4535-0280	44849
75227	42105
1595	13494
261911	52817
760-4058	63270
24117	50321
282-0181	63744
0625-1010uk	57251
356-4057	63125
0012-1008-15	55646
230-1083	64661
45639	56695
358-4058	63150
506-1081	64668
304-1021	45121
394-4051	62083
677812	50225
47034	64455
27452	57168
35077	57409
230-0281	46160
20661	57611
631-1078	64780
7188	15585
287-4025	47482
505-4066	62973
284-4056	62367
759-4057	63225
60402	60656
2977	34114
04601	3139690908
75037	42090
06296	3139690910
26074	52789
280-4055	62384
1012-4006	37099
2534	25392
354-4050	63182
501-1079	64669
34029	57086
254-2007	45168
358-4057	63149
0025-1002-01	55656
21781	53709
3724	12790
7219	15584
28012	57583
24187	50695
27361	55427
5431	41813
423-0179	65705
27227	56278
75271	53472
2533	25388
01331	3139690932
1846	13496
4503-0148	39403
282-4056	62407
20627	50345
391-4057	62232
42434	56274
2402-0100	35699
353-4026	47928
60325	56101
3603-0148-01	52666
1499	9407
14703	52515
26287	53249
9979	28608
27453	57172
284-0179	65832
22405	55861
505-4055	62054
5267	25162
0293	751
629-0187	63758
404-4058	61961
405-4026	48151
262426	64063
32773	56878
47114	66754
589311	52535
27451	57164
0623	2014
32634	61095
401-4054	61927
1762	9957
4802-0148	41345
291-0281	44953
15452	50675
1633-0155	38740
4351	2021
5434	41814
0640-0147	41531
08145	53099
58937	52533
35837	56955
35862	53164
396-4056	62220
359-4051	63114
230-1082	64658
64484	3139691241
5755-0229	47252
761-4049	63272
314-4053	63592
2978	34115
19902	65893
1309-0105	38670
67003	57044
0064	9995
45649	57113
25935	61465
27351	57161
299-2001	43484
54564	63547
279531	64046
354-4048	63180
2917	34138
415-1080	64741
1001-4005	37088
327713	56879
24245	50614
16407	52415
3601-0148-01	52660
27652	57156
0640-1010	41564
759-4056	63224
5160-0229	45982
15442	50542
5518	48277
62394	50286
6754	746
5040	59872
281-0181	63741
345-4058	64415
1002-4004	37083
03209	55342
345-4054	64411
58925	52537
5068	61475
33737	57215
46485	63953
27273	56846
33227	53133
33224	53132
20651	57605
62077	50291
369-4051	62146
0610	2010
1011-4005	37092
35887	53159
0635	3139691299
15429	50387
410-4048	62010
20697	57635
7203	15564
296-0232	45844
293-0281	44955
0406	9987
385-4049	62133
1003-4004	37084
4602	25237
6286	3139691311
545618	3139691312
1584	13465
278-4057	62265
4442-4020	46822
199011	65886
2921	34140
0035-1005-15	56311
9120	43951
358-4048	63140
407-1080	64711
307-2008	45112
408-0181	63723
340213	57081
1561	16353
259211	61459
1001-4003	37076
33889	3139691328
358413	56962
04672	3139691330
03086	52594
314-4056	63594
06091	3139691333
1632	13446
325413	56263
19812	65908
5355-0229	47205
5473	3139691338
32535	57010
06306	3139691340
5451-0148	39375
223-1080	64768
230-4052	62452
32939	56228
2901-0148	39389
26249	64064
5433	36324
393-4055	62082
631-1080	64782
280-0182	63739
6256	66280
26292	53254
27395	57181
388-4048	62101
388-0055	65787
756-4052	63198
032418	55413
5498	48168
4502-0148	39402
319-4050	62897
1309-0130	38673
02015	56283
42841	56257
42844	60848
1652	13419
230-0228	46148
32685	56983
678511	63534
388-4058	62108
280-4050	62379
503-4051	62048
0012-1003-01	56373
392-4066	62965
27959	64044
412-4053	62013
9119	41751
387-4057	62099
33062	3139691378
359-0055	65810
7202	15587
05976	3139691382
62189	63469
503-4049	62166
20699	57636
1635	13417
75024	42055
03219	55362
689531	49532
2570	25400
409-4050	62042
357-4050	63130
281-0179	65822
6136	747
1633-0150	38732
345-4056	64413
00156	55813
02187	3139691399
369-4049	62144
23527	61895
5304	41792
230-4035	60984
279631	64050
25923	61453
23538	62702
03082	52592
325313	57007
281-4054	62394
235011	61892
033312	55421
2979	34116
27642	57416
357-4054	63134
5414	41805
24141	50726
27461	65673
02864	3139691421
311-1021	45128
296-0282	45025
52099	60808
401-4049	61979
2522	25381
225-0281	46161
0611	2011
757-4057	63214
347-4052	64421
73471	56543
9986	63070
354-4052	63153
05991	3139691435
323-4026	61772
03336	55415
5439	36329
390-4026	48140
15454	50676
5416	36315
6259	66553
0647	2082
19882	65891
314-4050	63591
50802	57339
287-4026	47902
757-4058	63215
24151	50377
0144	745
5494	48167
5475	3139691453
341-0179	65826
412-4058	61952
0640-1011	41565
6260	66555
230-0229	46145
408-4058	61943
46441	63308
759-4066	63326
4535-0051	41362
32703	56211
20671	57593
01586	57205
408-4054	61941
1003-4010	37120
256-4050	63445
409-0179	65717
4738	25060
15457	50678
282-4058	62347
0640-0212	41543
22326	56253
52175	61136
410-1080	64714
32943	61078
1739	9944
297-0232	45845
5340-0148	39383
387-4048	62252
295-0280	44890
389-4026	48139
328413	53214
358513	56971
545818	63566
4763	25098
0930-4001	36837
08155	53092
503-4058	62173
506-4052	62126
75039	42045
52879	63336
33781	53706
281-4052	62392
3606-0280-01	52856
73466	53518
630-1080	64779
33732	57210
262226	64055
0035-0047-15	54623
629-1079	64775
33788	53698
506-4057	62130
1308-0130	38663
357-0055	65808
75156	56745
0378	11170
4779	25065
27363	55429
329-4055	62274
50797	57316
298-4009	43519
1507	9403
07073	57072
284-4057	62368
404-4051	61915
282-4048	62399
760-4056	63268
60398	55393
1655	13418
6488	863
401-4050	62036
260311	52787
1669	13488
284-4058	62369
5554	66946
3605-0281-01	52869
521512	60817
375615	57490
033218	3139693805
2263	62441
42992	53537
01574	60850
75310	42115
505-4052	62186
629-0182	63760
45622	56281
408-0179	65716
391-4066	62964
19843	65876
6756	752
24241	50616
420-0055	65741
505-4005	48861
503-4055	62170
345-1079	64309
261511	52807
37151	53751
04623	52993
0625-1018ru-eng	49952
0035-1004-15	55643
283-4048	62348
346-1079	64315
343-4058	64391
04576	56872
505-4058	62190
2912	34134
14704	59853
259212	61460
75033	42088
02923	55313
359-4055	63118
412-4056	61978
521018	60811
4915	25207
342-4054	62298
225-4035	60983
29405	57103
280-1079	64255
324411	61106
20655	57603
235-0148	66252
52094	60810
52209	56463
0025-0126-15	51032
293-1001	43487
33229	53135
385-0179	65796
35857	56973
7196	15573
04501	53632
60405	60654
405-4051	61916
391-4052	62229
311-0153	45104
16405	52414
4507-0148	39407
33739	57218
75066	42096
75217	42103
75018	42049
67730	50236
75026	42057
677312	50235
9149	60563
75332	42068
9126	3140239759
75016	42081
6254	66278
9148	60562
75007	42038
1560	16356
8882	61862
9118	41750
9108	64119
9127	45405
2337	45740
7512	63386
2340	45743
67700	50237
7513	63387
75500	42123
6257	66281
6255	66279
9134	3140239777
75020	42082
9128	45406
9146	60560
75335	42129
3550	67152
9170	62909
9169	62908
9117	41749
2342	45744
7511	66556
5289	63848
9166	62906
7514	66557
9143	60797
9110	66224
9105	63032
3526	66108
6990	67165
1001-4008	37106
1001-4004	37082
25939	61468
1002-4008	37107
5160-0228	45972
5445	36332
227-4020	46817
5412	36312
5160-4020	46948
5440	36330
5543	38818
0637	3140949986
2961	34109
232-4066	3140949988
1001-4010	37118
5449	36336
5432	36323
5448	36335
233-0148	66250
234-4066	66240
329-4051	62270
1001-4002	37070
5406	36310
5477	36356
5469	36350
1012-4009	37117
2959	34108
1001-4007	37100
232-0179	66246
234-0148	66251
5442	36331
232-0055	66242
232-0148	66249
233-0055	66243
1011-4009	37116
5447	36334
5463	36344
329-4066	3140950014
234-0055	66244
343-1082	64290
5411	36311
235-0179	66248
2927	41817
343-4054	3140950020
346-0182	64338
1012-4005	37093
2926	41816
329-4058	3140950024
345-1082	64306
5019	25281
1012-4004	37087
32444	61107
32635	61096
329-4053	62272
345-0182	64335
27657	57159
319-0055	3140950034
329-4052	62271
343-0148	64429
03247	55405
1001-4009	37112
32637	61097
329-4054	3140950040
0646	2081
1003-4008	37108
147011	52518
319-4054	62901
32817	61089
223-0055	65772
27634	52829
27641	57385
27653	57157
32633	61094
32813	61086
329-0055	3140950052
26214	52821
26229	64056
26239	64060
329-4048	62267
343-4050	64383
344-0148	64430
344-4048	64393
344-4055	64400
47552	3140950061
5486	36581
05466	3140950063
1004-4006	37097
14705	3140950065
262227	64057
262231	64058
2929	41819
32453	61102
32455	61104
326211	61098
32815	61088
346-1080	64316
5405	36309
5426	36322
07021	55885
147018	52514
233-4066	3140950078
329-4056	62154
343-0055	3140950080
343-4048	3140950081
344-4058	64403
032411	55407
1003-4006	37096
262111	52820
32452	61101
345-1080	64310
42854	3140950088
5030	25263
5438	36328
1003-4009	37114
1011-4004	37086
14709	52520
319-4052	62899
329-4057	62155
344-1080	64300
4618	25309
5256	25330
52872	63334
1012-4002	37075
147012	52519
235-0055	66245
262427	64065
323-0062	61756
32624	61099
329-4026	47924
344-4050	64395
5583	38832
05461	3140950109
344-4054	64399
428531	3140950111
46236	53624
688031	63660
262431	64066
27645	57418
319-4057	62904
328011	61082
4800-0148	41343
5020	25282
5258	25332
5609	38848
07022	55883
1011-4008	37110
16709	52427
25913	61443
27637	52831
343-0179	65836
343-4057	64390
344-4052	64397
47524	64437
5616	38854
689231	55021
1011-4006	37098
167012	52429
221-4066	65687
227-1079	64763
26204	52823
29424	57095
319-4049	3140950139
32631	61092
329-4049	62268
329-4050	62269
32945	61080
33995	57067
5264	25337
5510-4020	46958
033211	55396
1002-4009	37113
1011-4003	37080
220-1081	64753
222-1080	64767
228-1081	64758
235-4066	66241
27643	57417
29427	57096
2966	34110
319-0179	65845
319-4026	47923
319-4051	62898
319-4056	62903
32804	61083
329-0179	3140950163
344-4049	64394
345-4053	64410
5482	36579
032412	55411
03244	55414
03246	55406
06673	53621
06672	53623
070231	60899
07032	3140950172
070331	3139690447
07033	3139691439
07061	56664
07071	57073
07133	56453
221-1080	64766
223-1079	64762
259111	61449
262331	64062
27644	57384
27677	56460
27672	56458
27674	56432
29371	56688
29379	56687
323-4020	61778
32632	61093
343-4053	3140950185
343-4055	64388
343-4056	64389
344-1079	64299
344-4057	64402
345-0179	65838
345-4055	64412
47525	64438
5038	25264
5050	25267
52519	56396
545712	3140950196
03329	55395
06671	53622
220-1079	64759
221-0055	3140950200
222-1079	64761
222-4026	48901
228-0179	65738
228-1080	64770
25916	61446
261811	52824
262326	64059
27675	56459
323-0231	61769
323-4025	61766
330-4026	47911
33994	3140950212
344-4053	64398
344-4056	64401
346-1082	64312
4619	25310
54561	3140950217
03243	55410
033318	55423
07011	57076
07051	57071
1001-4001	37064
1003-4005	37090
167011	52428
16703	52424
16705	52425
221-1079	64760
259112	61450
259118	61451
25917	61447
25926	61456
26184	52825
27673	56457
29407	57102
29415	57091
29417	57090
323-0049	61758
324-0013	61745
32824	61091
343-4049	64382
344-0181	64331
344-4051	64396
345-0055	65842
345-0148	64431
345-4051	64408
345-4057	64414
347-4050	64419
46231	53625
47545	64444
52479	56804
52882	63337
54579	63557
688231	63662
03245	55412
03322	3140975884
066731	60903
066831	60905
06684	60906
06682	53617
06962	3140975887
06964	3140975888
07024	60900
07031	3140975890
167018	3140975891
16707	3140975892
223-1081	64756
227-1080	64769
25912	3140975895
25927	61457
259318	61471
27631	52826
27635	52830
2904-0148	39392
319-4048	3140975902
322-4025	47485
340013	57481
34011	56682
34012	56673
34013	56675
34014	56677
343-0187	64330
344-0055	65841
345-4052	64409
47534	64440
47535	64441
4801-0148	3140975914
5024	25283
5140-4020	46946
52492	56768
52499	56769
54565	63548
5472	36352
60107	55700
60106	55699
60101	55697
06961	3140975922
07034	3140975923
07063	56663
1004-4005	37091
14706	52521
16706	52431
220-0179	65733
221-0179	65734
222-4066	3140975930
228-4066	65691
259311	61469
27671	56433
29372	56683
29374	56684
29422	57094
2970	34111
2971	34112
319-4020	53238
320-4026	47905
324-0148	61736
324-2014	61752
324-2015	61753
34017	56678
344-0187	64333
344-1082	64296
345-0187	64336
345-4049	64406
347-4048	64417
347-4054	64423
347-4057	64426
4624	25311
47522	64436
5031	25290
5056	25268
52884	63338
54575	63555
54589	3140975958
601011	55702
688331	63663
03242	55409
03325	55400
06681	53619
221-4026	48900
223-0179	3140975965
227-4066	65690
25932	61462
25936	61466
25937	61467
27651	56921
2905-0148	39393
29409	57104
29425	57097
2947	34106
323-0048	61757
324-0006	61747
324-0048	61741
32457	61105
332-4026	47913
33997	3140975980
34002	57478
34007	57483
34015	56679
34022	57078
34021	57087
34024	57082
34023	57080
34027	57083
344-0182	64332
346-0181	64337
346-1083	64313
347-0055	65843
347-0179	65839
347-4049	64418
347-4051	64420
347-4053	64422
347-4055	64424
347-4056	64425
347-4066	64428
46201	56772
47532	64439
47542	64442
52472	56803
5398	36302
5437	36327
545718	63559
54594	3140976004
54597	63772
54599	63773
688131	3140976007
689031	55019
03324	3140976009
03326	55397
03337	55417
06361	3140976012
06386	3140976013
06674	60904
07012	57074
14707	3140976016
16704	59871
220-0055	3140976018
220-4026	3140976019
220-4066	3140976020
222-0179	3140976021
227-1081	64757
227-4026	48903
259218	61461
25922	61452
25925	61455
25934	61464
2906-0282	45038
29381	56586
29384	56583
29382	56585
29397	56691
29412	57088
29429	57098
319-4055	62902
320-4025	47483
321-4026	47906
32451	61100
328-4026	47910
33993	3140976039
34001	57486
34004	57482
34005	57484
345-0181	64334
347-4058	3140976044
47544	64443
5051	25299
52512	56395
54591	63769
54595	63771
5560	38822
60109	55701
03332	55419
03333	55420
06683	53618
069531	3140976056
07014	60898
07043	53615
222-0055	65771
228-0055	65774
25929	61458
259312	61470
25933	3140976063
2903-0148	39391
323-0047	61768
326-4026	47908
339913	57064
347-0148	64432
5421	3140976069
545918	63775
5575	38830
60105	55698
03327	3140976073
06341	3140976074
06366	3140976075
06952	3140976076
06954	3140976077
069631	3140976078
07041	53614
223-4066	3140976080
29387	56588
29389	56584
29394	56690
29421	57099
323-0051	3140976085
324-0062	61737
34003	57480
34009	57485
34019	56681
344-0179	3140976090
52889	63339
5417	36316
545612	3140976093
54571	63553
54574	63554
54581	3140976096
54585	63562
545912	63774
5542	38817
0012-0047-01	56790
9109	64122
02521	56604
0240	748
6226	64475
6137	750
6139	3141009639
2402-0147	35708
6227	64476
2403-0070	35706
5123	33893
2402-0087	35702
5278	61259
2402-0070	35705
47054	66751
47044	66748
5279	61260
2401-0087	35701
2403-0087	35703
2403-0062	35697
2402-0062	35696
9933	60365
2402-0048	35693
2401-0070	35704
5121	33892
47052	66749
2403-0147	35709
0035-0047-01	54622
2403-0048	35694
2401-0048	35692
2401-0100	35698
2403-0100	35700
371315	56788
7211	15565
2401-0062	35695
278-4066	62928
9930	60364
0357	754
2401-0147	35707
279-4066	62943
281-4066	62930
6138	753
280-4052	62381
282-4025	47477
5143	33900
278-0055	65819
0012-1010-15	55586
280-4051	62380
281-4053	62393
280-0055	65814
7210	15588
278-0179	65818
5269	25164
281-4048	62388
0013-1010-15	51426
4501-0148	39401
47042	66746
02956	3141009690
280-4048	62276
280-4053	62382
02951	3141009693
281-4051	62391
279-0055	65813
35317	53229
0015-0047-15	54620
02867	55319
0015-1010-15	55584
281-4049	62389
2776	19929
279-4051	62913
280-1082	64252
3606-0282-15	52882
27457	57184
281-4055	62395
36931	57231
26144	52812
280-0179	65821
280-4057	62386
281-4050	62390
52151	61128
0020-0047-01	54618
279-4055	62917
5226	25154
164011	52417
278-4049	62257
281-1082	64258
283-4051	62351
288-4025	47481
5170	33917
281-4057	62397
281-4058	62398
282-4066	62931
371515	53752
0025-0124-15	52615
279-4049	62911
279-4056	62918
280-4056	62385
52097	61123
0025-0124-01	52616
2770	19937
2780	19915
282-4050	62401
52165	61133
0035-1010-15	51007
27723	57171
27727	57183
27722	57167
27771	57162
32015	55849
4749	25062
52161	61131
164012	52418
25113	51750
25117	51752
273-0148	63847
27394	57177
27397	57185
27391	57165
27393	57173
281-4056	62396
282-4052	62403
35072	57404
4535-0052	41360
52149	56759
25104	51756
279-4057	62919
28014	57585
281-1081	64257
46514	59975
46519	59974
5120	33891
0020-1010-15	51090
028612	55325
27933	56721
27932	56719
27931	56717
27937	56727
280-1083	64253
28013	57584
282-4049	62400
3606-0282-01	52884
7215	15570
00036	55463
0025-1010-15	55578
16402	52420
25111	51754
27392	57169
27455	57180
27721	57163
27863	56720
27864	56722
279-4052	62914
279-4058	62920
279727	64053
35314	53228
4590	25148
7189	15562
01511	3141009782
02441	3141009783
02862	55318
26104	52796
27724	57175
278-4055	62263
27862	56718
279-4026	47921
279-4053	62915
279431	64042
283-4066	62932
284-0013	51728
3605-0282-15	52881
3606-0281-01	52865
4774	25106
52104	60814
52142	56757
5233	25159
029411	55306
16409	52416
25114	51751
261011	52795
26114	52799
261311	52804
2744	19951
2785	35585
27867	56726
282-4051	62402
282-4053	62404
4761	25096
52154	60818
0012-1010-01	55587
22411	55876
22413	55869
22419	55875
278-4052	62260
2787	35593
282-0187	63743
282-4054	62405
283-4049	62349
46512	59972
4762	25097
52095	61124
0025-1007-01	56534
02946	55304
278-4058	62266
279626	64047
28015	57586
281-4026	47897
33081	57147
5113	33885
0012-1009-15	55650
00121	56188
0026-2006	35202
020111	56285
028818	52583
02885	52581
26164	52810
2781	43591
27844	57189
27843	57188
27841	57186
279726	64051
280-4049	62378
282-1079	64267
282-1080	64268
284-2015	51737
35053	56245
35059	56251
4591	25127
0020-0124-15	52618
0020-0126-15	52629
0025-0126-01	51031
02929	55295
02944	55311
27774	57174
278-4056	62264
2783	35577
27861	56716
279-4048	62910
279426	64039
279731	64054
281-1079	64261
283-4055	62355
32489	3141009861
32481	3139690316
32483	3139691310
32567	55836
4535-0048	41357
4535-0131	41363
45629	56279
45652	57112
4588	25147
52107	61126
7191	15563
0020-0124-01	52619
02866	55320
02882	52577
02927	55294
16425	61869
278-4051	62259
284-4051	62362
32543	3141009877
32547	3139690248
3605-0280-01	52855
3605-0281-15	52866
42439	56273
46534	59970
46539	59973
47012	64448
52105	61127
00396	57025
02296	55442
029418	55310
02942	55302
02947	55303
164018	52419
16406	52421
278-4020	53240
278-4054	62262
27935	56725
279527	64045
282-0179	65812
283-0187	63746
32482	3141046533
32485	3141046534
32487	3141046535
32544	3141046536
42843	56256
47024	64452
52091	61122
52159	60816
75351	56259
0015-0124-15	52624
0035-0124-15	52926
02887	52578
16403	52413
261111	52798
27934	56723
281-0187	63740
283-0181	63747
283-1079	64273
283-4025	47478
284-4050	62361
32553	56828
32551	56834
32562	55831
4775	25107
4776	25104
52164	60822
02691	56744
02696	56743
16423	3141046560
22321	56254
260911	52802
26094	52803
26134	52805
282-0055	65816
284-0049	51723
284-0055	65820
32545	3141046568
32557	56831
32752	3141046570
32754	3139689870
32757	3139690837
32755	51390
353113	53227
424331	64593
46502	59978
46509	59979
47022	64451
47025	3141046576
47032	64454
5117	33888
7194	15572
00041	56924
0035-1002-15	55640
01571	57042
01621	56195
02071	3141046584
02077	3139689831
02076	3141046585
02886	52579
02889	3141046587
22311	3141046588
22316	3141046589
282-4026	47898
283-4053	62353
283-4056	62356
284-0006	51741
284-4020	51718
284-4025	51743
284-4053	62364
32542	3141046597
32771	56885
33087	57142
35311	53233
35319	53232
47035	64456
52109	60812
521518	60815
52157	61129
0025-0125-01	55425
01556	3141046607
02496	3141046608
02501	56786
028618	55326
02863	55323
02925	55314
22401	55864
22403	55857
22407	55860
22402	55855
224113	55870
22414	55871
25112	51749
261611	52809
278-4026	47920
278-4048	62256
27845	57190
27847	57191
27949	64040
27969	64048
282-4057	62346
283-0182	63748
284-4048	62359
32484	3141046627
32521	57003
32523	56997
32533	3141046630
32541	3141046631
32549	3141046632
32554	56830
32564	55835
32682	56977
32684	56981
32683	56979
32689	56984
33067	3141046638
33082	57140
35052	56243
35071	57413
35844	56963
35874	53148
4508-0148	39408
4535-0049	41358
46504	59977
46532	59968
4756	25063
52169	60820
5223	25152
0013-0047-15	56899
0013-1009-15	55651
0035-1003-01	55658
00391	57026
02399	57124
16404	60005
164218	61875
16427	61871
22267	56639
22301	57475
26154	52808
26174	55440
27775	57178
278-4053	62261
279-0179	65811
282-0182	63745
283-0055	65817
283-1081	64269
289-4026	47904
32027	56506
32503	56988
32507	56991
32509	56993
32695	57399
32702	56209
32759	3141046675
32775	56882
32847	53216
32937	56225
330613	57155
33074	56713
33083	57027
33085	3141046682
35051	56252
35055	56249
35065	57021
35841	56967
35859	56975
358713	53153
428431	60847
4501-4020	46837
4535-0281	44916
45642	57115
5138	33899
521012	60813
67012	53367
75276	53471
75316	56510
00126	56185
0020-1005-15	56400
0025-1002-15	55639
0025-1007-15	56533
0035-1001-15	55638
01416	56189
015731	60849
02017	56282
02391	56915
023911	57125
02491	3141046708
02924	55317
16424	61868
16429	61872
22409	55863
2509	51755
251011	51757
27842	57187
279427	64041
280-1081	64251
281-0182	63742
281-1083	64259
283-0179	65823
283-1078	64272
283-4050	62350
284-0231	51724
284-4052	62363
284-4055	62366
286-4025	47480
288-4026	47903
32011	3141046728
32019	3139693834
32012	3141046532
32527	57000
325513	56829
325613	55834
32681	56985
32751	3141046733
32753	3141046734
32783	56778
32785	56782
32791	56422
32799	56414
32842	53211
33044	56626
33047	56627
33061	3141046741
33077	56712
330813	57146
33225	53134
350713	57407
35074	57408
35315	53230
35318	53225
35845	56965
35879	53151
35889	53161
3601-0282-15	52879
4504-4020	46840
45632	56697
520918	60807
521612	60821
58901	52523
64542	53351
75241	56513
0020-1009-15	55653
0035-1007-15	56465
01581	57206
01622	56193
02191	55454
02522	56602
164212	61874
22412	55867
280-1080	64256
280-4026	47896
284-4054	62365
284-4066	62933
320013	56234
32013	3141067388
32017	3141067389
32561	55840
32565	55837
32709	56217
32779	56884
32797	56420
33064	3141067395
33089	57143
33222	53128
35312	53224
35863	53166
358813	53162
4506-0148	39406
47015	3141067402
5169	33916
52132	56754
58906	52525
67002	57043
670131	60857
67022	3141067408
67023	3141067409
67041	57039
670431	60863
67042	57037
67044	60864
688931	3141067413
7193	15577
7216	15589
7224	15580
75291	56390
75356	56258
00166	55459
0025-0047-01	56750
0025-1006-15	55644
0035-1009-15	55581
01351	56601
02016	56177
02019	56284
02506	56785
025231	60853
02981	3141067428
22261	56643
22262	56634
22263	56636
22306	57474
22404	55859
22417	55872
279627	64049
281-0055	65815
283-4026	47899
32005	56237
320113	55846
32021	56509
320213	56504
32023	56503
32024	56505
32025	56507
32501	56994
32504	56990
32512	57465
32513	57467
32519	57472
325213	56998
32525	3141067451
32532	3141067452
32704	56213
327513	51387
32777	56881
32792	56415
32844	53215
32931	56229
32933	56222
32934	56224
330413	56625
33065	57154
350613	57018
35313	53226
35831	56958
35832	56950
35839	56957
35854	56972
35881	53163
3605-0282-01	52883
3606-0148-15	52668
377715	53720
4504-0148	39404
4773	25105
5148	33904
52101	61125
521618	60819
52167	61132
58927	52539
58931	52530
58935	52531
58936	52532
67001	57045
670031	60855
67004	60856
7192	15581
7205	15578
7212	15583
7214	15575
75096	56514
75296	56389
75336	56538
0012-1009-01	55667
0020-0047-15	54617
0025-1009-01	55671
0035-1003-15	55641
0035-1009-01	55582
01623	56194
02011	56181
02025	56287
02397	57122
02446	3141067503
03596	3141067504
25115	51753
279526	64043
281-1080	64262
32004	56235
32022	56501
32029	56508
32502	56986
325113	57468
32692	57393
32694	57397
32697	57398
32705	56215
32781	56784
32787	56781
327913	56418
32793	56417
32794	56419
32795	56421
32843	53213
33042	56622
33045	3141067524
33069	3141067525
33073	56646
33223	53130
35044	50980
35042	50976
35063	57017
358313	56953
35835	56956
35849	56966
35852	56968
35853	56970
35861	53172
35873	53147
35883	53157
3605-0231-01	52491
3606-0231-01	52486
368615	57107
36911	57108
37761	53726
37831	3141067543
38829	53120
4503-0124	3141067545
4535-0047	41355
4750	25079
5165	3141067548
52139	56756
58921	52536
6438	846
64482	3141067552
67021	3141067553
670231	3141067554
7190	15586
7195	15567
7225	3141067557
7226	3141067558
75171	56438
75246	56512
0012-1005-15	56382
0013-0047-01	56900
0015-0047-01	54621
0015-1009-15	55652
01356	56599
01572	57040
01624	60852
02177	3141067569
02524	60854
02869	3141067571
029218	55316
02986	3141067573
22415	55873
27865	56724
280-0181	63738
280-4025	47475
283-1080	64274
283-1083	64271
284-0047	3141067580
286-4026	47901
32505	3141067582
32522	56995
32569	55839
33049	56630
35057	56248
35069	57023
35078	57405
35842	56959
35871	53152
3601-0148-15	52659
3602-0148-01	52675
3602-0148-15	52674
3605-0148-01	52672
3605-0148-15	52671
3606-0148-01	52669
3606-0229-15	52484
3606-0231-15	52487
36861	57106
373815	3141067600
37471	56894
377415	57476
37751	56887
377515	56886
37771	53721
42842	56255
4503-4020	46839
4507-0281	3141067608
4535-4020	46812
47045	3141067610
5104	3141067611
5144	3141067612
5150	33905
52202	56461
58905	52524
58939	52534
645431	60867
67024	3141067618
7206	15574
7213	15579
75151	56746
75221	56425
75311	56511
75331	56539
00046	56922
0026-2007	35206
0035-1008-15	51180
01551	3141067628
02186	3141067630
03591	3141067631
22265	56640
22269	56642
282-1078	3141081117
282-1081	64263
282-1083	64265
32514	57469
32563	55833
33071	56709
33079	56710
33221	53136
35048	50977
35064	57019
35067	57020
35888	53156
3603-0148-15	52665
3604-0148-15	52662
3606-0230-15	52440
369115	57109
369315	57232
373715	3141081134
374715	56895
378115	53732
38782	56563
388213	3141081138
4508-0125	42459
4508-0126	3141081140
4508-0282	44982
45659	57110
58909	52527
589211	52541
64481	3141081145
7207	15569
75091	56515
24841	3141128569
9750	67176
9106	63033
9752	67178
9038	67175
23522	61893
9037	67174
23517	61887
9751	67177
23518	61886
9753	67179
50772	57324
9101	63031
50778	57325
23502	61889
9768	67180
0688	14478
23512	61885
507711	57326
235111	61888
50777	57323
23528	61894
235211	61896
506915	63382
50788	57335
9944	64502
50817	57329
50807	57338
50792	57317
507811	57336
50782	57334
50787	57333
508111	57332
508011	57341
5069	61474
50808	57340
9977	28606
9981	28610
9980	28609
9989	66876
9976	28605
9902	42692
1308-0108	38662
9985	63069
4764	10001
9988	63072
9987	63071
0379	11171
9984	63983
1308-0105	38660
1308-0109	38666
1308-0106	38665
1764	9959
1763	9958
314-4066	63596
1783	3141614369
314-4054	63593
0380	11172
1308-0104	38661
315-4051	63601
315-4054	63599
4696	10009
0085	25037
1766	9961
0405	9986
315-4066	63602
1765	9960
315-4050	63597
1309-0109	38676
131111	64005
313-4051	63589
4695	3141614385
4766	10003
0060	9991
1309-0108	38672
313-4050	63585
313-4056	63588
314-4051	63595
315-4053	63598
0077	25041
1308-0123	38664
4694	3141614395
0062	9993
1308-0120	38658
1308-0129	38659
4767	10004
0087	25039
1309-0107	38677
1309-0129	38669
1781	3141614403
254-0150	3141614404
315-4056	63600
313-4053	63586
131214	64004
1733	9937
1748	9952
4156	9979
3979	9950
9982	49223
0081	25045
1732	9936
0078	25042
6177	9943
1736	9940
1746	3143836988
4157	9980
1734	9938
4154	9978
58907	52526
02396	56914
2913	3143850404
029211	55296
32517	57470
02395	57123
29375	56686
410-4026	48158
54567	63549
0930-0148	39355
04471	3143850413
02175	56295
02075	3143850415
29411	57093
070131	60897
27234	56860
020211	56288
02021	56182
02029	56289
4502-4020	46838
02716	3143850421
72621	56519
345-4066	64416
369-0179	65824
32559	56833
762-4052	63285
5561	38823
67013	53368
688731	3143850429
29377	56685
02026	56178
280-0187	63737
16443	52505
02176	3143850434
502-4026	48283
06381	3143850436
409-4026	48157
5351	35535
04604	60876
73671	56392
32687	56982
32691	57401
29391	56694
58926	52538
5150-4020	46947
32515	57471
27311	56859
27297	56705
340-4049	62304
32942	61077
40132	52741
40136	52743
401312	52748
401318	52749
27292	56702
020711	3143850454
40147	52721
5355	35537
02711	3143850457
40124	52698
401211	52693
383-4020	48525
409-1080	64713
342-0182	63757
33881	3143850462
40129	52692
40162	52710
40163	52715
40146	52722
16442	52503
0640-0230	46141
46609	59990
506-0282	48898
03107	55370
03103	55374
03109	55372
4923	25210
60412	60655
505-4002	48849
2904	34127
4924	25194
230-0202	43153
5327	35264
8126-0047-01	56455
759-4053	63221
231-4048	62462
603916	63582
0506	1824
40134	52750
759-0148	63259
0640-1013	41569
32693	57395
33735	57216
73476	56542
33701	56659
33709	56658
0612	2012
03207	55340
369-4056	62151
464512	63319
57391	3143850495
46459	63318
26274	53244
32941	61076
502-0148	48199
225-4052	62451
401511	52734
401518	52738
40157	52731
06226	3143850502
256-4056	63442
57361	56203
762-4058	63193
369-4055	62150
04634	3143850507
760-4053	63265
02731	55468
503-4007	48865
5574	38829
757-4050	63207
04624	60884
06191	53038
032018	55347
27352	57126
0625-0148	41753
46381	63250
463818	63256
5367	36107
5750-0229	47251
225-0230	46143
5369	36109
16447	52506
27317	56852
73491	53713
412-1080	64716
0625-0204	36463
06201	53042
1633-0156	38748
04603	56938
225-1081	64654
72631	53587
410-1079	64702
225-0187	63690
363-0148	63501
260811	52793
03102	55369
2906-0148	39394
5730-0231	47256
757-4066	63325
26291	53253
4925-0280	44840
33808	57222
08147	53098
33804	57225
04481	55521
760-4054	63266
4913	25208
506-0281	48892
33807	57226
032118	55367
0965-0148	39364
40155	52736
27365	55431
257-4066	63449
379115	53740
340-4066	3143850565
04436	3143850566
629-1080	64776
352-4020	3143850568
03213	55364
7254	16649
342-4052	62296
33798	53480
33794	53483
43004	60870
401611	52714
0935-0148	39357
26282	53248
756-4053	63199
5629-2001	41823
342-4048	62292
401618	52718
24721	53602
8126-1008-01	55676
8126-1012-01	56332
757-4052	63209
46434	3143850586
2741	41298
27347	55439
27343	55436
04731	52958
42139	56163
42134	56162
02523	56603
342-4055	62299
0625-0212	37131
03094	55358
030912	55356
4604	25239
0941-4001	36841
230-0187	63691
73496	53712
24731	53600
5733-0230	47270
33785	53703
00436	53595
40172	52751
401718	52759
342-1081	64302
04476	3143850607
380-4026	48526
26271	53241
45662	57120
33805	57227
412-1079	64704
04821	52981
03106	55371
03215	55365
73556	53557
04831	53517
0640-0204	41549
27367	55432
90775	64622
04861	56541
67043	57038
35855	56974
29419	57092
340-4050	3143850625
06246	3143850626
03097	55350
33727	57053
257-0179	65665
04836	53516
760-0148	63321
5388	36126
42124	56269
46457	63317
503-1080	64677
2905	34128
01336	3143850637
73511	53555
257-0055	65663
64483	56435
27221	56298
757-4055	63212
40143	52725
8126-0048-01	56520
760-0055	65849
42994	60874
230-0214	43165
42129	56270
33802	57221
0499	1819
40122	52689
338013	57224
403-4026	48149
0965-4002	36858
5629-2006	41828
46489	63955
464818	63957
337914	53477
33882	3143850659
33723	57050
73546	53589
5550	38821
90777	64623
506-4007	48868
40137	52742
9940	59926
032111	55363
04621	52994
757-4049	63206
03092	55349
757-0055	65833
04826	52979
04632	3143851001
27159	67137
04566	57382
4929	25189
369-4054	62149
4321	2016
33767	56448
33769	56451
762-4066	63194
27355	57128
341-0055	65830
504-4010	48878
0965-0282	44995
42983	57452
46449	63311
812715	56334
629-1078	64774
401311	52745
501-4002	48845
761-4055	63278
46351	3143851022
33793	53481
27364	55430
630-1078	64777
0625-0214	37133
03203	55345
502-0231	48187
405-1079	64697
33799	53486
5320	35257
231-4038	60941
40174	52760
46451	63314
33722	57048
4915-0229	45973
27342	55434
337213	57051
06081	53033
25919	61448
503-0231	48188
521912	60833
52197	61141
73461	53519
5389	36127
26279	53246
341-0187	63752
40156	52732
04866	56540
337313	57213
40153	52735
33728	57049
33724	57052
40179	52754
502-4001	48840
504-4001	3143851055
762-4049	63282
225-4048	62460
24671	53604
27345	55438
32014	3143851060
03249	55408
5730-0230	47268
42109	56661
255-4066	63447
35054	56247
60395	55392
372-4026	47916
26014	52778
03339	55418
81261	53761
33707	56655
032011	55343
756-4051	63197
33775	53497
230-4049	62464
08135	53105
08159	53093
60384	55383
16446	52511
759-4054	63222
401-1080	64705
369-4026	47922
60394	55391
02796	56605
43002	57058
5372	36112
46602	59993
231-4034	60982
505-4003	48855
0607	2009
52187	61138
52184	60830
52189	60828
04683	57201
27293	56703
90782	64627
401612	52716
225-1083	64660
505-0282	48897
0503	1821
04681	57202
231-1081	64656
504-1079	64672
341-4048	62281
16444	59854
760-4050	63262
04431	3143851107
4925	25177
759-4055	63223
401712	52758
0495	1815
73526	53561
60391	55390
02027	56286
408-1081	64688
21806	53522
762-4057	63290
030818	52600
33733	57212
326913	57396
52194	60834
46435	63303
463512	3143851123
33703	56652
505-4008	48873
02196	55455
0945-0148	39360
40125	52695
340-1079	64276
260111	52777
337713	53494
506-0280	48886
4328	2018
04516	57386
40135	52747
341-4049	62282
504-4002	48848
72656	53591
27464	65676
756-4050	63196
521918	60831
27275	56847
33761	56452
255-4050	63444
7259	16647
42993	53538
046031	60875
338813	53690
40123	52694
502-4007	48864
230-0147	43150
46389	63254
504-4005	48860
757-4056	63213
04841	53514
030811	52596
72636	53586
502-1080	64676
40133	52746
401-1081	3143851160
42131	56164
406-4026	48152
0507	1825
52199	60832
0640-0202	41537
27277	56848
2726	19959
33765	56449
21796	53710
256-0055	65662
412-1081	64692
340-1083	64280
369-4066	62934
401218	52697
230-4066	63066
340-1081	64278
72651	53592
630-1079	64778
5321	35258
03099	55352
26299	53258
33803	57223
02181	3143851184
372-4025	47488
27362	55428
43001	57060
761-4054	63277
340-0182	63751
5368	36108
46431	3143851191
336-0055	66111
27384	52686
27235	56844
8126-0281-01	52842
27462	65674
60388	55385
06241	3143851198
761-4050	63273
0626	2043
03085	52598
341-1083	64286
03084	52601
90772	64624
756-4057	63203
756-4055	63201
0922-0148	39353
230-1081	64655
230-0182	63695
00426	53716
603817	63583
6439	3143851212
03042	55328
030418	55336
03046	55330
03043	55333
1633-0151	38733
231-4032	60944
757-4054	63211
760-4055	63267
341-4052	62285
02079	3143851219
03093	55354
21801	53523
230-0181	63693
46385	63252
225-4034	60980
030412	55335
402-1080	64706
54569	63550
369-4048	62143
52179	60824
231-4036	60988
762-4050	63283
352-4026	47927
42984	60872
07053	57070
0625-1013ru-eng	57264
028811	52576
760-0179	65848
03044	55337
760-4048	63260
2721	19990
260511	52781
342-4049	62293
46387	63253
1633-0163	38741
2733	41300
90785	64625
5629-2008	41831
506-1079	64674
4925-4020	46956
603211	56105
60326	56102
60321	56100
0498	3143851536
00231	56928
46619	59989
27274	56856
0496	1816
231-4049	62465
341-4058	62291
337613	56446
04682	57200
342-4051	62295
463812	63255
42121	56271
230-0231	46154
230-0204	43155
336-4066	66112
03105	55375
27387	52685
06311	3143851554
5629-2002	41824
230-0148	43151
342-4056	62300
1633-0160	38735
028812	52582
06206	53041
27381	52682
42101	56662
33783	53699
60415	60653
60383	55380
521812	60829
046231	60883
00031	55464
03049	55331
030411	55332
46359	3143851571
46484	63952
52191	61140
03087	52593
40177	52752
341-4066	62936
164411	52508
5356	35538
5694	36102
04622	52992
405-1080	64709
231-4035	60985
382-4020	48524
47115	66753
27442	65680
00236	56925
756-4066	3143851587
26004	52775
33791	53487
031018	55377
06316	3143851591
00431	53596
0625-0201	36460
081511	53094
04491	53628
27441	65679
0497	3143851597
21791	53711
379515	53750
27237	56843
29399	56693
33771	53499
33772	53491
40176	52753
42104	56660
33774	53495
504-0148	48201
761-4057	63279
401412	52727
72646	53593
03212	55359
756-4054	63200
33768	56444
06326	3143851613
502-0228	48173
761-0055	65852
27291	56715
341-4055	62288
351-4026	47926
26277	53243
27357	57129
225-4031	3143851621
60329	56104
29414	57089
404-4026	48150
260211	52779
03095	55355
04511	57389
756-4056	63202
081411	53101
81262	53757
504-4007	48866
08157	53091
04592	52999
04594	60882
0950-0148	39362
0012-0124-01	52621
04591	53001
501-1081	64663
521818	60827
40152	52730
0511	1829
501-1080	64675
402-4026	48148
502-1079	64670
4322	2017
409-1081	64689
028611	55322
030918	55357
33729	57056
27341	55435
501-4008	48869
0640-1009	41566
01516	3143851652
5747-0230	47274
464518	63320
757-4051	63208
27313	56850
760-4051	63263
336-0179	66114
46481	63951
761-4056	63291
33887	3143851661
05996	53045
762-4053	63286
26281	53247
030911	55353
27383	52684
04561	57383
230-0212	43163
381-4020	3143851670
5693	36101
341-4051	62284
689331	55022
27232	56841
06196	53037
06346	3143851676
371-4026	47915
402-1079	64694
27385	52687
342-4058	62302
505-4001	48843
503-4026	48284
4925-0229	45975
29404	57101
401212	52696
27353	57127
33705	56656
501-4007	48863
501-4005	48857
33763	56445
689831	49536
5326	35263
03205	55346
8125-0148-01	52676
762-0179	65856
409-1079	64701
33779	53498
52171	61134
260611	52791
2908	34130
0508	1826
26024	52780
02185	3143851703
81277	56336
27481	65667
04506	53631
27382	52683
230-4034	60981
26297	53255
4920-4020	46950
231-4052	62453
40164	52719
5359	3143851713
343-4066	3143851714
4903-0148	39412
08137	53104
33792	53479
603816	63581
04571	56875
60397	55388
164418	52504
760-4057	63269
5371	36111
464412	63312
5696	36104
0947-0148	39361
230-0230	46142
501-0282	48893
225-4066	63065
031011	55373
4902-0148	39411
0510	1828
04633	3143851733
1633-0162	38739
08151	53096
0505	1823
26294	53256
27443	65681
340-4056	62278
429831	60871
00151	55816
262918	53257
506-4005	48862
26289	53252
1633-0178	38760
342-1078	64287
342-1079	64288
46444	63309
04521	52976
46357	3143851751
06301	3143851752
401711	52755
04496	53627
33789	53705
603912	55389
464812	63956
73521	53562
40165	52717
762-4056	63289
756-4049	63195
0940-0148	39358
06221	3143851763
762-4048	63281
504-0231	48189
08149	53100
2730	19974
46377	63246
463712	63248
90787	64626
762-4051	63284
2720	19991
46604	59987
502-4003	48852
47112	66752
761-0179	65851
40139	52744
411-4026	48159
4915-4020	46949
46371	63243
52181	61137
225-0229	46146
046731	60885
04671	52998
04674	60886
35877	53149
762-0055	65835
342-1080	64301
762-4054	63287
506-4002	48850
47014	64449
408-4026	48156
256-0179	65660
506-4003	48856
255-4056	63441
761-4052	63275
503-1081	64665
0965-4010	36954
73516	53554
5313	35251
0955-0148	39363
756-4048	63330
46384	63251
57351	55828
04602	56937
369-4050	62145
369-4020	53239
4350	2020
46612	59985
27467	65678
756-0148	63257
760-4052	63264
40159	52733
33784	53701
4352	2019
5733-0231	47258
29392	56689
03047	55329
33778	53492
27484	65670
341-4026	47918
225-0182	63694
33883	3143852043
27295	56704
40169	52713
340-1082	64279
411-1081	64691
27344	55437
33773	53493
03217	55360
42981	57453
26034	52786
603917	63584
7258	16653
60393	55387
40166	52712
4925-0281	44907
5612	3143852059
369-4057	62152
342-0181	63756
33762	56443
340-4054	62309
0640-0229	46144
46454	63315
504-4026	48285
0501	1820
030812	52599
503-0229	48180
27465	65677
401-1079	64693
223-4026	48902
7255	16643
760-4066	63327
255-0055	65661
27315	56851
164412	52509
340-4026	47917
225-4036	60986
506-4008	48874
46379	63247
46437	3143852083
0504	1822
340-4055	62277
04673	52997
403-1080	64707
342-4053	62297
257-4050	63446
340-1080	64277
021711	56297
046331	60877
33063	57029
47554	66775
1782	10019
